yah;119;other
okay;46;other
fucking;39;other
jerry;29;other
wade;19;other
jeez;19;other
fuck;19;other
heck;18;other
shep;16;other
gotta;16;other
lundegaard;15;other
gonna;15;other
hon;14;other
brainerd;13;other
margie;12;other
go to;12;other
damn;12;other
jean;11;other
come on;11;other
ciera;10;other
stan;10;other
marge;9;other
scotty;9;other
mike;8;other
cop;8;c1
trucoat;7;other
shit;7;other
fee;7;a2
get it;6;other
darn;6;other
buddy;6;c1
bring;5;a1
proudfoot;5;other
jesus;5;other
huh;5;other
linda;5;other
lou;5;other
goddamn;5;other
gustafson;5;other
work out;5;other
homicide;5;other
pancake;5;other
terrific;5;c1
tan;4;other
jerk;4;other
fax;4;other
bunch;4;b2
pete;4;other
gunderson;4;other
grossman;4;other
mrs;4;other
christ;4;other
ransom;4;other
fellas;4;other
come in;4;other
sake;4;c1
lay;3;other
debate;3;b2
charge;3;b1
mohra;3;other
finder;3;other
nope;3;other
katie;3;other
whoa;3;other
sec;3;other
yanagita;3;other
gmac;3;other
mcdonald;3;other
grimsrud;3;other
cooksey;3;other
radisson;3;other
fella;3;other
asshole;3;other
dlr;3;other
sealant;3;other
deal with;3;other
get to;3;other
daddy;3;other
trooper;3;other
mom;3;other
plug;2;c1
correlate;2;c1
cooperate;2;c1
reside;2;c1
associate;2;b2
bother;2;b1
exist;2;a2
stamp;2;a2
trip;2;a1
unguent;2;other
fargo;2;other
anderson;2;other
betcha;2;other
tootin;2;other
must;2;other
olmstead;2;other
bucky;2;other
dave;2;other
carl;2;other
vouched;2;other
hautmans;2;other
vouch;2;other
stillwater;2;other
yep;2;other
reilly;2;other
midwest;2;other
sibert;2;other
prowler;2;other
paul;2;other
minneapolis;2;other
arby;2;other
crawlers;2;other
hold on;2;other
look for;2;other
stay away;2;other
be in;2;other
go out;2;other
mix up;2;other
pull in;2;other
put in;2;other
step out;2;other
go over;2;other
disparity;2;other
men;2;other
babe;2;other
parole;2;other
liar;2;other
supper;2;other
moose;2;other
footprint;2;other
gopher;2;other
shot;2;other
compliance;2;c1
circumstance;2;b2
executive;2;b2
gate;2;a2
conversation;2;a1
area;2;a1
serial;2;c1
personalize;1;other
triple;1;other
bang;1;other
seem;1;other
whistle;1;other
alternate;1;other
dye;1;other
rack;1;other
brake;1;other
bark;1;other
inventory;1;other
shriek;1;other
dice;1;other
ditch;1;other
mute;1;other
escort;1;other
shove;1;other
hatch;1;other
cock;1;other
dedicate;1;c1
incur;1;c1
steer;1;c1
nest;1;c1
license;1;c1
audit;1;c1
flee;1;c1
lobby;1;c1
buck;1;c1
loop;1;c1
depict;1;c1
establish;1;b2
crack;1;b2
excuse;1;b2
dare;1;b2
concern;1;b2
clip;1;b2
interrupt;1;b2
assume;1;b2
chain;1;b1
afford;1;b1
admit;1;b1
tie;1;a2
hold;1;a2
shake;1;a2
cycle;1;a2
notice;1;a2
argue;1;a2
bill;1;a1
order;1;a1
valerie;1;other
hancock;1;other
congratulations;1;other
usfi;1;other
jer;1;other
truckers;1;other
normandale;1;other
larvae;1;other
diehl;1;other
oxidation;1;other
independently;1;other
leukemia;1;other
eden;1;other
anti;1;other
financials;1;other
honeywell;1;other
circumcised;1;other
barf;1;other
norstar;1;other
minnesota;1;other
artie;1;other
loudmouth;1;other
dummy;1;other
showalter;1;other
lorraine;1;other
anymore;1;other
jerome;1;other
fricassee;1;other
shithead;1;other
majeure;1;other
closer;1;other
sears;1;other
imbeciles;1;other
granddad;1;other
carcin;1;other
ramp;1;other
perpetrators;1;other
dixie;1;other
chipper;1;other
motherfucker;1;other
wayzata;1;other
trucking;1;other
damned;1;other
women;1;other
feliciano;1;other
edina;1;other
kidnapped;1;other
citation;1;other
gaear;1;other
bitch;1;other
shoo;1;other
diefenbach;1;other
chaska;1;other
teal;1;other
ones;1;other
marty;1;other
sylvia;1;other
accomplice;1;other
chrissake;1;other
holidazzle;1;other
carlson;1;other
children;1;other
narcotics;1;other
lunchtime;1;other
dakota;1;other
janie;1;other
peed;1;other
entanglements;1;other
tasking;1;other
dale;1;other
john;1;other
mucking;1;other
boredom;1;other
florida;1;other
bunyan;1;other
bismarck;1;other
freemont;1;other
chicago;1;other
nervousness;1;other
marlboros;1;other
gary;1;other
larval;1;other
marlboro;1;other
josé;1;other
hollywood;1;other
fdic;1;other
secondhand;1;other
motherfucking;1;other
ember;1;other
okey;1;other
peter;1;other
burgundy;1;other
fucker;1;other
olson;1;other
shootings;1;other
sueur;1;other
hor;1;other
jiff;1;other
nile;1;other
briefcase;1;other
malfeasance;1;other
chunk;1;c1
except;1;a2
pass away;1;other
hear from;1;other
get in;1;other
get into;1;other
agree with;1;other
sit over;1;other
check into;1;other
drive by;1;other
live in;1;other
look in;1;other
lead on;1;other
be up;1;other
pay off;1;other
live with;1;other
go one;1;other
fill out;1;other
do with;1;other
find out;1;other
get back;1;other
drop out;1;other
tag on;1;other
get on;1;other
throw off;1;other
go on;1;other
be on;1;other
pass on;1;other
call for;1;other
come up;1;other
play at;1;other
check in;1;other
turn in;1;other
hear about;1;other
get together;1;other
stick with;1;other
hear of;1;other
move on;1;other
set on;1;other
back into;1;other
stand back;1;other
sit down;1;other
write in;1;other
back up;1;other
ask for;1;other
call back;1;other
skyscraper;1;other
steak;1;other
accessory;1;other
prairie;1;other
postage;1;other
trunk;1;other
checkbook;1;other
motel;1;other
mallard;1;other
ruler;1;other
pearl;1;other
card;1;other
ozone;1;other
coke;1;other
fountain;1;other
bull;1;other
weasel;1;other
sickness;1;other
percent;1;other
beetle;1;other
ass;1;other
terrace;1;other
geyser;1;other
execution;1;c1
residence;1;c1
radar;1;c1
acre;1;c1
violation;1;c1
confidence;1;b2
hip;1;b2
assumption;1;b2
coincidence;1;b2
bullet;1;b2
district;1;b2
achievement;1;b1
complaint;1;b1
neck;1;a2
desk;1;a1
older;1;other
smaller;1;other
doable;1;other
snippy;1;other
subconscious;1;other
pathetic;1;other
tallest;1;other
bald;1;other
deaf;1;other
psychiatric;1;c1
absent;1;c1
defensive;1;c1
downtown;1;b2
aware;1;b1
